PRAGMA foreign_keys=OFF;
BEGIN TRANSACTION;
CREATE TABLE airports(id INTEGER PRIMARY KEY, fullname TEXT, short TEXT, country TEXT);
INSERT INTO "airports" VALUES(1,'San Francisco','SFO','USA');
INSERT INTO "airports" VALUES(2,'Atlanta','ATL','USA');
INSERT INTO "airports" VALUES(3,'Beijing','PEK','China');
INSERT INTO "airports" VALUES(4,'Boston','BOS','USA');
INSERT INTO "airports" VALUES(5,'Buenos Aires','BUE','Argentina');
INSERT INTO "airports" VALUES(6,'Charlotte','CLT','USA');
INSERT INTO "airports" VALUES(7,'Los Angeles','LAX','USA');
INSERT INTO "airports" VALUES(8,'Honolulu','HNL','USA');
INSERT INTO "airports" VALUES(9,'Portland','PDX','USA');
INSERT INTO "airports" VALUES(10,'Paris','CDG','France');
INSERT INTO "airports" VALUES(11,'Denver','DEN','USA');
INSERT INTO "airports" VALUES(12,'Seatle','SEA','USA');
INSERT INTO "airports" VALUES(13,'Sydney','SYD','Australia'); -- GOOD
INSERT INTO "airports" VALUES(14,'Brisbane','BNE','Australia');
INSERT INTO "airports" VALUES(15,'Kuala Lumpur','KUL','Malaysia');
INSERT INTO "airports" VALUES(16,'Berlin','BER','Germany');
INSERT INTO "airports" VALUES(17,'London','LHR','England');
INSERT INTO "airports" VALUES(18,'Madrid','MAD','Spain');
INSERT INTO "airports" VALUES(19,'Rome','ROM','Italia');
INSERT INTO "airports" VALUES(20,'Prague','PRG','Czech Republic');
INSERT INTO "airports" VALUES(21,'Wellington','WLG','New Zealand');
INSERT INTO "airports" VALUES(22,'Auckland','AKL','New Zeland');
INSERT INTO "airports" VALUES(23,'Amsterdam','AMS','Holland');
INSERT INTO "airports" VALUES(24,'Athens','ATH','Greece');
INSERT INTO "airports" VALUES(25,'Austin','AUS','USA');
INSERT INTO "airports" VALUES(26,'Barcelona','BCN','Spain');
INSERT INTO "airports" VALUES(27,'Bangkok','BKK','Thailand');
INSERT INTO "airports" VALUES(28,'Baltimore','BWI','USA');
INSERT INTO "airports" VALUES(29,'Chicago','CHI','USA');
INSERT INTO "airports" VALUES(30,'Columbus','CMH','USA');
INSERT INTO "airports" VALUES(31,'Cleveland','CLV','USA');
INSERT INTO "airports" VALUES(32,'El Paso','ELP','USA');
INSERT INTO "airports" VALUES(33,'Florence','FLR','Italia');
INSERT INTO "airports" VALUES(34,'Ouagadougou','OUA','Burkina Faso');
INSERT INTO "airports" VALUES(35,'Guatemala','GUA','Guatemala');
INSERT INTO "airports" VALUES(36,'Geneva','GVA','Switzerland');
INSERT INTO "airports" VALUES(37,'Hong Kong','HKG','Taiwan');
INSERT INTO "airports" VALUES(38,'Helsinki','HEL','Finland');
INSERT INTO "airports" VALUES(39,'Istanbul','IST','Turkey');
INSERT INTO "airports" VALUES(40,'Kiev','KBP','Ukraine');
INSERT INTO "airports" VALUES(41,'Lima','LIM','Peru');
INSERT INTO "airports" VALUES(42,'Miami','MIA','USA');
INSERT INTO "airports" VALUES(43,'Munich','MUC','Germany');
INSERT INTO "airports" VALUES(44,'Reno','RNO','USA');
INSERT INTO "airports" VALUES(45,'Ulaanbaatar','ULN','Mongolia');
INSERT INTO "airports" VALUES(46,'Zurich','ZRH','Switzerland');
INSERT INTO "airports" VALUES(47,'Zagreb','ZAG','Croatia');
INSERT INTO "airports" VALUES(48,'La Paz','LAP','Mexico');
INSERT INTO "airports" VALUES(49,'Darwin','DRW','Australia');
INSERT INTO "airports" VALUES(50,'Tunis','TUN','Tunisia');
INSERT INTO "airports" VALUES(51,'Djibouti','JIB','Djibouti');
INSERT INTO "airports" VALUES(52,'Accra','ACC','Ghana');
INSERT INTO "airports" VALUES(53,'Singapore','SIN','Singapore Republic');
INSERT INTO "airports" VALUES(54,'Bamako','BKO','Mali');
INSERT INTO "airports" VALUES(55,'Marrakesh','RAK','Morocco');
INSERT INTO "airports" VALUES(56,'Casablanca','CMN','Morocco');
INSERT INTO "airports" VALUES(57,'Cotonou','COO','Benin Republic');
INSERT INTO "airports" VALUES(58,'Abidjan','ABJ','Côte d''Ivoire');
INSERT INTO "airports" VALUES(59,'Toulouse','TLS','France');
INSERT INTO "airports" VALUES(60,'Nice','NCE','France');
INSERT INTO "airports" VALUES(61,'Marseille','MRS','France');
INSERT INTO "airports" VALUES(62,'New York','JFK','USA');
INSERT INTO "airports" VALUES(63,'Dallas','DFW','USA');
INSERT INTO "airports" VALUES(64,'Shanghai','SH','China');
INSERT INTO "airports" VALUES(65,'Dubai','DBX','United Arab Emirates');
INSERT INTO "airports" VALUES(66,'Rio de Janeiro','GIG','Brazil');
CREATE TABLE companies(id INTEGER PRIMARY KEY, name TEXT);
INSERT INTO "companies" VALUES(1,'Alaska Airlines');
INSERT INTO "companies" VALUES(2,'American Airlines');
INSERT INTO "companies" VALUES(3,'Delta');
INSERT INTO "companies" VALUES(4,'United');
INSERT INTO "companies" VALUES(5,'US Airways');
INSERT INTO "companies" VALUES(6,'Virgin America');
INSERT INTO "companies" VALUES(7,'Air France');
INSERT INTO "companies" VALUES(8,'Air China');
INSERT INTO "companies" VALUES(9,'Air Nostrum LAMSA');
INSERT INTO "companies" VALUES(10,'Turkish Airlines');
INSERT INTO "companies" VALUES(11,'Iberia');
INSERT INTO "companies" VALUES(12,'British Airways');
INSERT INTO "companies" VALUES(13,'Virgin Australia');
INSERT INTO "companies" VALUES(14,'Lufthansa');
INSERT INTO "companies" VALUES(15,'China Eastern Air');
INSERT INTO "companies" VALUES(16,'Hawaiian Airlines');
INSERT INTO "companies" VALUES(17,'China Southern');
INSERT INTO "companies" VALUES(18,'SWISS');
INSERT INTO "companies" VALUES(19,'LAN Airlines');
INSERT INTO "companies" VALUES(20,'Emirates');
INSERT INTO "companies" VALUES(21,'Aerolineas Argentinas');
INSERT INTO "companies" VALUES(22,'Malaysia Airlines');
INSERT INTO "companies" VALUES(23,'Singapore Air');
INSERT INTO "companies" VALUES(24,'Ethiopian Air');
INSERT INTO "companies" VALUES(25,'Air New Zealand');
INSERT INTO "companies" VALUES(26,'Hainan Airlines');
CREATE TABLE flights(id INTEGER PRIMARY KEY, take_off TEXT, landing TEXT, from_id INTEGER, to_id INTERGER, company id INTEGER, FOREIGN KEY(from_id) REFERENCES airports(id), FOREIGN KEY(to_id) REFERENCES airports(id), FOREIGN KEY(company) REFERENCES companies(id));
INSERT INTO "flights" VALUES(1,'Tue 6:50a','Tue 8:10a',1,7,1);
INSERT INTO "flights" VALUES(2,'Tue 1:35p','Tue 2:55p',1,7,6);
INSERT INTO "flights" VALUES(3,'Tue 6:00a','Tue 8:40a',32,63,2);
INSERT INTO "flights" VALUES(4,'Tue 10:00a','Tue 2:20p',63,62,2);
INSERT INTO "flights" VALUES(5,'Tue 11:00a','Tue 1:09p',29,30,4);
INSERT INTO "flights" VALUES(6,'Tue 5:45p','Tue 6:20p',30,29,2);
INSERT INTO "flights" VALUES(7,'Tue 7:00a','Tue 10:35a',4,7,6);
INSERT INTO "flights" VALUES(8,'Tue 12:15p','Tue 3:05p',4,2,3);
INSERT INTO "flights" VALUES(9,'Tue 4:30p','Tue 6:22p',2,7,3);
INSERT INTO "flights" VALUES(10,'Tue 1:35p','Tue 3:19p',63,1,4);
INSERT INTO "flights" VALUES(11,'Tue 9:35a','Tue 11:05a',59,10,7);
INSERT INTO "flights" VALUES(12,'Tue 11:05a','Tue 12:25p',59,60,7);
INSERT INTO "flights" VALUES(13,'Tue 7:00a','Tue 8:20a',59,18,9);
INSERT INTO "flights" VALUES(14,'Tue 10:20a','Tue 10:10a',18,56,9);
INSERT INTO "flights" VALUES(15,'Tue 2:00p','Tue 8:30p',56,39,10);
INSERT INTO "flights" VALUES(16,'Tue 4:10p','Tue 8:45p',10,34,7);
INSERT INTO "flights" VALUES(17,'Tue 5:50p','Wed 8:50a',63,17,11);
INSERT INTO "flights" VALUES(18,'Wed 9:55a','Wed 12:45p',17,16,12);
INSERT INTO "flights" VALUES(19,'Tue 6:45p','Wed 9:35a',63,17,12);
INSERT INTO "flights" VALUES(20,'Fri 8:45p','Sat 12:20a',14,49,13);
INSERT INTO "flights" VALUES(21,'Sat 3:50p','Sat 4:50p',60,17,12);
INSERT INTO "flights" VALUES(22,'Fri 2:55p','Fri 4:50p',60,16,14);
INSERT INTO "flights" VALUES(23,'Sat 2:45p','Sat 3:00p',10,17,12);
INSERT INTO "flights" VALUES(24,'Sat 5:15p','Sat 9:15p',17,62,12);
INSERT INTO "flights" VALUES(25,'Mon 5:30p','Mon 8:00p',62,11,4);
INSERT INTO "flights" VALUES(26,'Mon 9:00a','Mon 12:10p',62,7,2);
INSERT INTO "flights" VALUES(27,'Thu 12:00p','Thu 7:20p',13,64,15);
INSERT INTO "flights" VALUES(28,'Thu 9:20p','Thu 10:10a',13,8,16);
INSERT INTO "flights" VALUES(29,'Thu 2:00p','Thu 9:20p',8,7,16);
INSERT INTO "flights" VALUES(30,'Thu 9:25a','Thu 2:40p',13,22,19);
INSERT INTO "flights" VALUES(31,'Thu 7:00p','Thu 3:50p',22,5,21);
INSERT INTO "flights" VALUES(32,'Thu 7:00p','Thu 10:25p',5,41,21);
INSERT INTO "flights" VALUES(33,'Mon 2:35p','Mon 2:55p',57,58,24);
INSERT INTO "flights" VALUES(34,'Thu 2:30p','Thu 10:55p',50,65,20);
INSERT INTO "flights" VALUES(35,'Fri 7:40a','Fri 12:40p',65,52,20);
INSERT INTO "flights" VALUES(36,'Fri 1:55p','Fri 2:55p',52,58,20);
INSERT INTO "flights" VALUES(37,'Sat 6:05p','Sun 6:00a',65,3,17);
INSERT INTO "flights" VALUES(38,'Sun 12:35p','Sun 3:05p',64,3,15);
INSERT INTO "flights" VALUES(39,'Tue 7:40a','Tue 8:35a',36,46,18);
INSERT INTO "flights" VALUES(40,'Tue 9:25a','Tue 11:55a',46,55,18);
INSERT INTO "flights" VALUES(41,'Fri 4:10p','Fri 8:55p',10,54,7);
INSERT INTO "flights" VALUES(42,'Thu 10:10a','Thu 11:42a',6,31,4);
INSERT INTO "flights" VALUES(43,'Thu 12:20p','Thu 1:07p',31,30,4);
INSERT INTO "flights" VALUES(44,'Tue 8:00p','Wed 7:20a',65,53,24);
INSERT INTO "flights" VALUES(45,'Wed 11:30p','Thu 5:50a',3,53,8);
INSERT INTO "flights" VALUES(46,'Tue 11:30p','Wed 5:50a',3,53,8);
INSERT INTO "flights" VALUES(47,'Sun 8:50a','Sun 12:20p',3,37,17);
INSERT INTO "flights" VALUES(48,'Sun 6:45p','Sun 10:30p',15,37,22);
INSERT INTO "flights" VALUES(49,'Sat 5:50p','Sat 9:35p',53,37,23);
INSERT INTO "flights" VALUES(50,'Mon 6:45a','Mon 7:45a',53,15,22);
INSERT INTO "flights" VALUES(51,'Mon 2:35a','Mon 5:35a',49,53,23);
INSERT INTO "flights" VALUES(52,'Mon 8:35a','Mon 9:30a',53,15,23);
INSERT INTO "flights" VALUES(53,'Sat 2:40a','Sat 6:35a',65,17,12);
INSERT INTO "flights" VALUES(54,'Sat 12:00p','Sat 9:50p',17,66,12);
INSERT INTO "flights" VALUES(55,'Sat 9:30p','Sun 1:23a',5,66,20);
INSERT INTO "flights" VALUES(56,'Sun 6:30a','Sun 9:30a',5,66,21);
INSERT INTO "flights" VALUES(57,'Fri 11:50p','Sat 6:45a',66,42,2);
INSERT INTO "flights" VALUES(58,'Mon 9:45a','Mon 11:25a',42,35,2);
INSERT INTO "flights" VALUES(59,'Tue 12:00p','Tue 3:05p',42,62,3);
INSERT INTO "flights" VALUES(60,'Tue 4:00p','Tue 7:35p',62,1,3);
INSERT INTO "flights" VALUES(61,'Wed 2:05p','Wed 3:30p',47,16,14);
INSERT INTO "flights" VALUES(62,'Wed 6:30p','Wed 7:55p',16,46,14);
INSERT INTO "flights" VALUES(63,'Thu 3:35p','Thu 6:15p',17,46,12);
INSERT INTO "flights" VALUES(64,'Sat 12:05p','Sat 3:05p',17,60,12);
INSERT INTO "flights" VALUES(65,'Sun 3:15p','Sun 4:40p',60,50,7);
INSERT INTO "flights" VALUES(66,'Mon 8:15p','Mon 10:25p',17,10,7);
INSERT INTO "flights" VALUES(67,'Tue 4:10p','Tue 8:45p',10,34,7);
INSERT INTO "flights" VALUES(68,'Tue 6:33p','Tue 7:59p',44,7,4);
INSERT INTO "flights" VALUES(69,'Tue 8:30p','Tue 9:45p',7,1,4);
INSERT INTO "flights" VALUES(70,'Thu 7:10a','Thu 2:50p',1,2,3);
INSERT INTO "flights" VALUES(71,'Thu 5:15p','Thu 11:55p',2,41,3);
INSERT INTO "flights" VALUES(72,'Fri 1:20p','Sat 4:35p',12,3,26);
INSERT INTO "flights" VALUES(73,'Fri 1:50p','Sat 5:55p',1,3,8);
INSERT INTO "flights" VALUES(74,'Thu 9:25a','Thu 12:40p',17,33,7);
INSERT INTO "flights" VALUES(75,'Fri 5:25p','Fri 6:40p',46,33,18);
INSERT INTO "flights" VALUES(76,'Fri 7:20p','Fri 8:30p',33,46,18);
INSERT INTO "flights" VALUES(77,'Sat 9:40a','Sat 1:30p',46,39,18);
INSERT INTO "flights" VALUES(78,'Wed 8:00a','Wed 1:15p',40,17,12);
INSERT INTO "flights" VALUES(79,'Fri 9:05p','Sat 5:15p',17,37,25);
INSERT INTO "flights" VALUES(80,'Sat 7:15p','Sun 11:10a',37,22,25);
INSERT INTO "flights" VALUES(81,'Sun 1:00p','Sun 2:00p',22,21,25);
INSERT INTO "flights" VALUES(82,'Sun 3:40p','Sun 5:20p',21,13,13);
INSERT INTO "flights" VALUES(83,'Tue 1:50p','Wed 5:55p',1,3,8);
INSERT INTO "flights" VALUES(84,'Thu 11:55a','Thu 2:30p',3,45,8);
INSERT INTO "flights" VALUES(85,'Thu 3:30p','Thu 5:35p',45,3,8);
INSERT INTO "flights" VALUES(86,'Fri 4:00p','Fri 10:30p',3,15,8);
INSERT INTO "flights" VALUES(87,'Fri 2:15p','Sat 1:30a',56,65,20);
INSERT INTO "flights" VALUES(88,'Sat 3:20a','Sat 2:30p',65,37,20);
INSERT INTO "flights" VALUES(89,'Sat 7:45a','Sat 10:25a',39,10,10);
INSERT INTO "flights" VALUES(90,'Wed 10:10a','Wed 2:25p',10,24,7);
COMMIT;
